{"name":"528f20b0-42a0-4962-87b0-e2ac8090984e","id":"/providers/Microsoft.Flow/flows/528f20b0-42a0-4962-87b0-e2ac8090984e","type":"Microsoft.Flow/flows","properties":{"apiId":"/providers/Microsoft.PowerApps/apis/shared_logicflows","displayName":"Microsoft - Onboarding","definition":{"metadata":{"workflowEntityId":null,"creator":{"id":"c447dfd0-5bd9-4200-b20f-2d5799c95b9e","type":"User","tenantId":"e61cc5ab-b0b8-4e8d-a8b3-c513114ffd6b"},"provisioningMethod":"FromDefinition","failureAlertSubscription":true,"clientLastModifiedTime":"2018-10-02T07:45:41.9272256Z"},"$schema":"https://schema.management.azure.com/providers/Microsoft.Logic/schemas/2016-06-01/workflowdefinition.json#","contentVersion":"1.0.0.0","parameters":{"$connections":{"defaultValue":{},"type":"Object"},"$authentication":{"defaultValue":{},"type":"SecureObject"}},"triggers":{"When_a_new_email_arrives":{"recurrence":{"interval":1,"frequency":"Minute"},"splitOn":"@triggerBody()?['value']","metadata":{"flowSystemMetadata":{"swaggerOperationId":"OnNewEmail"}},"type":"ApiConnection","inputs":{"host":{"api":{"runtimeUrl":"https://flow-apim-europe-001-francecentral-01.azure-apim.net/apim/office365"},"connection":{"name":"@parameters('$connections')['shared_office365']['connectionId']"}},"method":"get","path":"/Mail/OnNewEmail","queries":{"folderPath":"Inbox","importance":"Any","fetchOnlyWithAttachment":true,"includeAttachments":true,"subjectFilter":"Background Report Job Notification"},"authentication":"@parameters('$authentication')"}}},"actions":{"Apply_to_each_-_email_attachment":{"foreach":"@triggerBody()?['Attachments']","actions":{"Create_file_-_copy_email_attachment_to_SharePoint_library":{"runAfter":{"Apply_to_each_-_entry_for_processing":["Succeeded"]},"metadata":{"flowSystemMetadata":{"swaggerOperationId":"CreateFile"}},"type":"ApiConnection","inputs":{"host":{"api":{"runtimeUrl":"https://flow-apim-europe-001-northeurope-01.azure-apim.net/apim/sharepointonline"},"connection":{"name":"@parameters('$connections')['shared_sharepointonline']['connectionId']"}},"method":"post","body":"@base64ToBinary(items('Apply_to_each_-_email_attachment')?['ContentBytes'])","path":"/datasets/@{encodeURIComponent(encodeURIComponent(variables('varSharePointSiteUrl')))}/files","queries":{"folderPath":"@variables('varSharePointDocumentLibraryFolderPath')","name":"@variables('varEmailAttachmentName')","queryParametersSingleEncoded":true},"authentication":"@parameters('$authentication')"}},"Set_variable_-_email_attachment_name":{"runAfter":{},"type":"SetVariable","inputs":{"name":"varEmailAttachmentName","value":"@{utcNow()}_@{items('Apply_to_each_-_email_attachment')?['Name']}"}},"Create_blob_-_copy_email_attachment_to_Azure_Storage":{"runAfter":{"Set_variable_-_email_attachment_name":["Succeeded"]},"metadata":{"flowSystemMetadata":{"swaggerOperationId":"CreateFile"}},"type":"ApiConnection","inputs":{"host":{"api":{"runtimeUrl":"https://flow-apim-europe-001-northeurope-01.azure-apim.net/apim/azureblob"},"connection":{"name":"@parameters('$connections')['shared_azureblob']['connectionId']"}},"method":"post","body":"@base64ToBinary(items('Apply_to_each_-_email_attachment')?['ContentBytes'])","path":"/datasets/default/files","queries":{"folderPath":"/microsoftgigonboarding","name":"@variables('varEmailAttachmentName')","queryParametersSingleEncoded":true},"authentication":"@parameters('$authentication')"},"runtimeConfiguration":{"contentTransfer":{"transferMode":"Chunked"}}},"HTTP_-_call_Azure_Function_to_process_the_email_attachment":{"runAfter":{"Create_blob_-_copy_email_attachment_to_Azure_Storage":["Succeeded"]},"type":"Http","inputs":{"method":"POST","uri":"@variables('varAzureFunctionUrl')","body":{"name":"@{variables('varEmailAttachmentName')}"}}},"Parse_JSON_-_Azure_Function_response":{"runAfter":{"HTTP_-_call_Azure_Function_to_process_the_email_attachment":["Succeeded"]},"type":"ParseJson","inputs":{"content":"@body('HTTP_-_call_Azure_Function_to_process_the_email_attachment')","schema":{"type":"array","items":{"type":"object","properties":{"StudentID":{"type":"string"},"MSAlias":{"type":"string"},"EmailAddress":{"type":"string"},"FullName":{"type":"string"},"ItemID":{"type":"string"},"SubjectID":{"type":"string"},"ItemTitle":{"type":"string"},"ItemType":{"type":"string"},"DeliveryMethod":{"type":"string"},"HostedTrainingOrganization":{"type":"string"},"ScheduleOfferingID":{"type":"string"},"StartDate":{"type":"string"},"StartTime":{"type":"string"},"EndDate":{"type":"string"},"EndTime":{"type":"string"},"TimeZone":{"type":"string"},"Facility":{"type":"string"},"FacilityCountry":{"type":"string"},"FacilityCity":{"type":"string"},"OfferingStatus":{"type":"string"},"DeliveryCoordinator":{"type":"string"},"SupervisorName":{"type":"string"},"SupervisorEmail":{"type":"string"},"ManagerOfManagers":{"type":"string"},"L2Manager":{"type":"string"},"StudentOrganization":{"type":"string"},"StudentCountry":{"type":"string"},"StudentCity":{"type":"string"},"YearsAtMicrosoft":{"type":"string"},"StandardTitle":{"type":"string"},"Profession":{"type":"string"},"Discipline":{"type":"string"},"EnrollmentStatusID":{"type":"string"},"CompletionStatus":{"type":"string"},"CompletionOrCancellationDate":{"type":"string"}},"required":["StudentID","MSAlias","EmailAddress","FullName","ItemID","SubjectID","ItemTitle","ItemType","DeliveryMethod","HostedTrainingOrganization","ScheduleOfferingID","StartDate","StartTime","EndDate","EndTime","TimeZone","Facility","FacilityCountry","FacilityCity","OfferingStatus","DeliveryCoordinator","SupervisorName","SupervisorEmail","ManagerOfManagers","L2Manager","StudentOrganization","StudentCountry","StudentCity","YearsAtMicrosoft","StandardTitle","Profession","Discipline","EnrollmentStatusID","CompletionStatus","CompletionOrCancellationDate"]}}}},"Apply_to_each_-_entry_for_processing":{"foreach":"@body('Parse_JSON_-_Azure_Function_response')","actions":{"Set_variable_-_employee_email_address":{"runAfter":{},"type":"SetVariable","inputs":{"name":"varEmployeeEmailAddress","value":"@items('Apply_to_each_-_entry_for_processing')['EmailAddress']"}},"Condition_-_is_email_notifications_sending_enabled":{"actions":{"Send_an_email_-_to_Upwork":{"runAfter":{},"metadata":{"flowSystemMetadata":{"swaggerOperationId":"SendEmail"}},"type":"ApiConnection","inputs":{"host":{"api":{"runtimeUrl":"https://flow-apim-europe-001-francecentral-01.azure-apim.net/apim/office365"},"connection":{"name":"@parameters('$connections')['shared_office365']['connectionId']"}},"method":"post","body":{"To":"@{variables('varUpworkEmailAddress')};","Subject":"Email subject for Upwork - @{items('Apply_to_each_-_entry_for_processing')['FullName']}","Body":"Email body for Upwork"},"path":"/Mail","authentication":"@parameters('$authentication')"}},"Send_an_email_-_employee_is_approved":{"runAfter":{"Send_an_email_-_to_Upwork":["Succeeded"]},"metadata":{"flowSystemMetadata":{"swaggerOperationId":"SendEmail"}},"type":"ApiConnection","inputs":{"host":{"api":{"runtimeUrl":"https://flow-apim-europe-001-francecentral-01.azure-apim.net/apim/office365"},"connection":{"name":"@parameters('$connections')['shared_office365']['connectionId']"}},"method":"post","body":{"To":"@{variables('varEmployeeEmailAddress')};","Subject":"Email subject to employee (approved) - @{items('Apply_to_each_-_entry_for_processing')['FullName']}","Body":"Email body to employee (approved)"},"path":"/Mail","authentication":"@parameters('$authentication')"}}},"runAfter":{"Set_variable_-_employee_email_address":["Succeeded"]},"expression":"@equals(variables('varSendEmailNotifications'), true)","type":"If"},"Scope_-_add_employee_to_Upwork_Pilot_Program_Team":{"actions":{"Get_group_-_Upwork_Pilot_Program":{"runAfter":{},"metadata":{"flowSystemMetadata":{"swaggerOperationId":"GetGroup"}},"type":"ApiConnection","inputs":{"host":{"api":{"runtimeUrl":"https://flow-apim-europe-001-westeurope-01.azure-apim.net/apim/azuread"},"connection":{"name":"@parameters('$connections')['shared_azuread']['connectionId']"}},"method":"get","path":"/v1.0/groups/@{encodeURIComponent(variables('varUpworkPilotProgramAzureGroupId'))}","authentication":"@parameters('$authentication')"}},"Get_user_-_employee":{"runAfter":{"Get_group_-_Upwork_Pilot_Program":["Succeeded"]},"metadata":{"flowSystemMetadata":{"swaggerOperationId":"GetUser"}},"type":"ApiConnection","inputs":{"host":{"api":{"runtimeUrl":"https://flow-apim-europe-001-westeurope-01.azure-apim.net/apim/azuread"},"connection":{"name":"@parameters('$connections')['shared_azuread']['connectionId']"}},"method":"get","path":"/v1.0/users/@{encodeURIComponent(items('Apply_to_each_-_entry_for_processing')['EmailAddress'])}","authentication":"@parameters('$authentication')"}},"Check_group_membership_-_Upwork_Pilot_Program":{"runAfter":{"Get_user_-_employee":["Succeeded"]},"metadata":{"flowSystemMetadata":{"swaggerOperationId":"CheckMemberGroups"}},"type":"ApiConnection","inputs":{"host":{"api":{"runtimeUrl":"https://flow-apim-europe-001-westeurope-01.azure-apim.net/apim/azuread"},"connection":{"name":"@parameters('$connections')['shared_azuread']['connectionId']"}},"method":"post","body":{"groupIds":["@body('Get_group_-_Upwork_Pilot_Program')?['id']"]},"path":"/v1.0/users/@{encodeURIComponent(body('Get_user_-_employee')?['id'])}/checkMemberGroups","authentication":"@parameters('$authentication')"}},"Condition_-_employee_in_not_in_group":{"actions":{"Add_user_to_group_-_employee_to_Upwork_Pilot_Program":{"runAfter":{},"metadata":{"flowSystemMetadata":{"swaggerOperationId":"AddUserToGroup"}},"type":"ApiConnection","inputs":{"host":{"api":{"runtimeUrl":"https://flow-apim-europe-001-westeurope-01.azure-apim.net/apim/azuread"},"connection":{"name":"@parameters('$connections')['shared_azuread']['connectionId']"}},"method":"post","body":{"@@odata.id":"@body('Get_user_-_employee')?['id']"},"path":"/v1.0/groups/@{encodeURIComponent(body('Get_group_-_Upwork_Pilot_Program')?['id'])}/members/$ref","authentication":"@parameters('$authentication')"}}},"runAfter":{"Check_group_membership_-_Upwork_Pilot_Program":["Succeeded"]},"expression":"@equals(int(length(body('Check_group_membership_-_Upwork_Pilot_Program'))), 0)","type":"If"}},"runAfter":{"Condition_-_is_email_notifications_sending_enabled":["Succeeded"]},"type":"Scope"}},"runAfter":{"Parse_JSON_-_Azure_Function_response":["Succeeded"]},"type":"Foreach"}},"runAfter":{"Initialize_variable_-_SharePoint_document_library_folder_path":["Succeeded"]},"type":"Foreach"},"Mark_as_read_-_email_with_copied_attachments":{"runAfter":{"Apply_to_each_-_email_attachment":["Succeeded"]},"metadata":{"flowSystemMetadata":{"swaggerOperationId":"MarkAsRead"}},"type":"ApiConnection","inputs":{"host":{"api":{"runtimeUrl":"https://flow-apim-europe-001-francecentral-01.azure-apim.net/apim/office365"},"connection":{"name":"@parameters('$connections')['shared_office365']['connectionId']"}},"method":"post","path":"/Mail/MarkAsRead/@{encodeURIComponent(triggerBody()?['Id'])}","authentication":"@parameters('$authentication')"}},"Initialize_variable_-_email_attachment_name":{"runAfter":{"Initialize_variable_-_send_email_notifications":["Succeeded"]},"type":"InitializeVariable","inputs":{"variables":[{"name":"varEmailAttachmentName","type":"String"}]}},"Initialize_variable_-_Upwork_email_address":{"runAfter":{"Initialize_variable_-_email_attachment_name":["Succeeded"]},"type":"InitializeVariable","inputs":{"variables":[{"name":"varUpworkEmailAddress","type":"String","value":"mkaraivanovdev@mkaraivanovdev.onmicrosoft.com"}]}},"Initialize_variable_-_employee_email_address":{"runAfter":{"Initialize_variable_-_Upwork_email_address":["Succeeded"]},"type":"InitializeVariable","inputs":{"variables":[{"name":"varEmployeeEmailAddress","type":"String"}]}},"Initialize_variable_-_send_email_notifications":{"runAfter":{},"type":"InitializeVariable","inputs":{"variables":[{"name":"varSendEmailNotifications","type":"Boolean","value":false}]}},"Initialize_variable_-_Azure_Function_url":{"runAfter":{"Initialize_variable_-_employee_email_address":["Succeeded"]},"type":"InitializeVariable","inputs":{"variables":[{"name":"varAzureFunctionUrl","type":"String","value":"https://readexcelinblob.azurewebsites.net/api/HttpTriggerCSharp2?code=mk4MdbuJBaxqMKxrDSI63KLuav7qaQ2KFR41Xw1SSpZVz5AVfXuLCg=="}]}},"Initialize_variable_-_Upwork_Pilot_Program_Azure_AD_group_id":{"runAfter":{"Initialize_variable_-_Azure_Function_url":["Succeeded"]},"type":"InitializeVariable","inputs":{"variables":[{"name":"varUpworkPilotProgramAzureGroupId","type":"String","value":"9894c577-8c34-43a0-8040-d2f841423b9f"}]}},"Initialize_variable_-_SharePoint_site_url":{"runAfter":{"Initialize_variable_-_Upwork_Pilot_Program_Azure_AD_group_id":["Succeeded"]},"type":"InitializeVariable","inputs":{"variables":[{"name":"varSharePointSiteUrl","type":"String","value":"https://mkaraivanovdev.sharepoint.com/sites/MicrosoftProcesses"}]}},"Initialize_variable_-_SharePoint_document_library_folder_path":{"runAfter":{"Initialize_variable_-_SharePoint_site_url":["Succeeded"]},"type":"InitializeVariable","inputs":{"variables":[{"name":"varSharePointDocumentLibraryFolderPath","type":"String","value":"/Shared Documents/Reports"}]}}},"outputs":{}},"connectionReferences":{"shared_sharepointonline":{"connectionName":"shared-sharepointonl-030b7fae-2353-4b02-95bd-65a390ce5364","source":"Embedded","id":"/providers/Microsoft.PowerApps/apis/shared_sharepointonline","tier":"NotSpecified"},"shared_azureblob":{"connectionName":"shared-azureblob-800ded45-e487-4ec6-a024-ef85ec90d837","source":"Embedded","id":"/providers/Microsoft.PowerApps/apis/shared_azureblob","tier":"NotSpecified"},"shared_azuread":{"connectionName":"shared-azuread-86888f1e-c2b6-4db1-af6e-37af0bb426e7","source":"Embedded","id":"/providers/Microsoft.PowerApps/apis/shared_azuread","tier":"NotSpecified"},"shared_office365":{"connectionName":"shared-office365-900e3870-395e-41a6-916f-05886c96c6e1","source":"Embedded","id":"/providers/Microsoft.PowerApps/apis/shared_office365","tier":"NotSpecified"}},"flowFailureAlertSubscribed":false}}